<configuration>
    <property>
        <name>dfs.datanode.data.dir</name>
        <value>file:///home/vagrant/hadoop-2.7.2/hdfs/datanode</value>
        <description>Comma separated list of paths on the local filesystem of a DataNode where it should store its blocks.</description>
    </property>

    <property>
        <name>dfs.namenode.name.dir</name>
        <value>file:///home/vagrant/hadoop-2.7.2/hdfs/namenode</value>
        <description>Path on the local filesystem where the NameNode stores the namespace and transaction logs persistently.</description>
    </property>

    <property>
        <name>dfs.replication</name>
        <value>2</value>
        <description>Default block replication. The actual number of replications can be specified when the file is created. The default is used if replication is not specified in create time.</description>
    </property>
</configuration>