<configuration>
    <property>
        <name>yarn.scheduler.minimum-allocation-mb</name>
        <value>128</value>
        <description>Minimum limit of memory to allocate to each container request at the Resource Manager.</description>
    </property>
    <property>
        <name>yarn.scheduler.maximum-allocation-mb</name>
        <value>4096</value>
        <description>Maximum limit of memory to allocate to each container request at the Resource Manager.</description>
    </property>
    <property>
        <name>yarn.nodemanager.vmem-check-enabled</name>
        <value>false</value>
        <description>Whether virtual memory limits will be enforced for containers.</description>
    </property>
    <property>
        <name>yarn.scheduler.minimum-allocation-vcores</name>
        <value>1</value>
        <description>The minimum allocation for every container request at the RM, in terms of virtual CPU cores. Requests lower than this won't take effect, and the specified value will get allocated the minimum.</description>
    </property>
    <property>
        <name>yarn.scheduler.maximum-allocation-vcores</name>
        <value>2</value>
        <description>The maximum allocation for every container request at the RM, in terms of virtual CPU cores. Requests higher than this won't take effect, and will get capped to this value.</description>
    </property>
    <property>
        <name>yarn.nodemanager.resource.memory-mb</name>
        <value>4096</value>
        <description>Physical memory, in MB, to be made available to running containers</description>
    </property>
    <property>
        <name>yarn.nodemanager.resource.cpu-vcores</name>
        <value>4</value>
        <description>Number of CPU cores that can be allocated for containers.</description>
    </property>
    <property>
        <name>yarn.resourcemanager.hostname</name>
        <value>master</value>
        <description>The hostname of the RM.</description>
    </property>
    <property>
        <name>yarn.resourcemanager.webapp.address</name>
        <value>0.0.0.0:8088</value>
        <description>The http address of the RM web application.</description>
    </property>
</configuration>